<?xml version="1.0" encoding="utf-8"?>
<merger version="3"><dataSet aapt-namespace="http://schemas.android.com/apk/res-auto" config="main$Generated" generated="true" ignore_pattern="!.svn:!.git:!.ds_store:!*.scc:.*:&lt;dir>_*:!CVS:!thumbs.db:!picasa.ini:!*~"><source path="C:\Users\Opal\AndroidStudioProjects\Dodo_pizza-master\app\src\main\res"/></dataSet><dataSet aapt-namespace="http://schemas.android.com/apk/res-auto" config="main" generated-set="main$Generated" ignore_pattern="!.svn:!.git:!.ds_store:!*.scc:.*:&lt;dir>_*:!CVS:!thumbs.db:!picasa.ini:!*~"><source path="C:\Users\Opal\AndroidStudioProjects\Dodo_pizza-master\app\src\main\res"><file name="arr_back" path="C:\Users\Opal\AndroidStudioProjects\Dodo_pizza-master\app\src\main\res\drawable\arr_back.xml" qualifiers="" type="drawable"/><file name="ic_launcher_background" path="C:\Users\Opal\AndroidStudioProjects\Dodo_pizza-master\app\src\main\res\drawable\ic_launcher_background.xml" qualifiers="" type="drawable"/><file name="ic_launcher_foreground" path="C:\Users\Opal\AndroidStudioProjects\Dodo_pizza-master\app\src\main\res\drawable\ic_launcher_foreground.xml" qualifiers="" type="drawable"/><file name="p" path="C:\Users\Opal\AndroidStudioProjects\Dodo_pizza-master\app\src\main\res\drawable\p.png" qualifiers="" type="drawable"/><file name="p1" path="C:\Users\Opal\AndroidStudioProjects\Dodo_pizza-master\app\src\main\res\drawable\p1.png" qualifiers="" type="drawable"/><file name="p2" path="C:\Users\Opal\AndroidStudioProjects\Dodo_pizza-master\app\src\main\res\drawable\p2.png" qualifiers="" type="drawable"/><file name="p3" path="C:\Users\Opal\AndroidStudioProjects\Dodo_pizza-master\app\src\main\res\drawable\p3.png" qualifiers="" type="drawable"/><file name="p4" path="C:\Users\Opal\AndroidStudioProjects\Dodo_pizza-master\app\src\main\res\drawable\p4.png" qualifiers="" type="drawable"/><file name="p5" path="C:\Users\Opal\AndroidStudioProjects\Dodo_pizza-master\app\src\main\res\drawable\p5.png" qualifiers="" type="drawable"/><file name="p6" path="C:\Users\Opal\AndroidStudioProjects\Dodo_pizza-master\app\src\main\res\drawable\p6.png" qualifiers="" type="drawable"/><file name="p7" path="C:\Users\Opal\AndroidStudioProjects\Dodo_pizza-master\app\src\main\res\drawable\p7.png" qualifiers="" type="drawable"/><file name="p8" path="C:\Users\Opal\AndroidStudioProjects\Dodo_pizza-master\app\src\main\res\drawable\p8.png" qualifiers="" type="drawable"/><file name="p9" path="C:\Users\Opal\AndroidStudioProjects\Dodo_pizza-master\app\src\main\res\drawable\p9.png" qualifiers="" type="drawable"/><file name="activity_main" path="C:\Users\Opal\AndroidStudioProjects\Dodo_pizza-master\app\src\main\res\layout\activity_main.xml" qualifiers="" type="layout"/><file name="fragment_list_of_pizza" path="C:\Users\Opal\AndroidStudioProjects\Dodo_pizza-master\app\src\main\res\layout\fragment_list_of_pizza.xml" qualifiers="" type="layout"/><file name="fragment_pizza_details" path="C:\Users\Opal\AndroidStudioProjects\Dodo_pizza-master\app\src\main\res\layout\fragment_pizza_details.xml" qualifiers="" type="layout"/><file name="item_new_pizza" path="C:\Users\Opal\AndroidStudioProjects\Dodo_pizza-master\app\src\main\res\layout\item_new_pizza.xml" qualifiers="" type="layout"/><file name="item_pizza" path="C:\Users\Opal\AndroidStudioProjects\Dodo_pizza-master\app\src\main\res\layout\item_pizza.xml" qualifiers="" type="layout"/><file name="ic_launcher" path="C:\Users\Opal\AndroidStudioProjects\Dodo_pizza-master\app\src\main\res\mipmap-anydpi-v26\ic_launcher.xml" qualifiers="anydpi-v26" type="mipmap"/><file name="ic_launcher_round" path="C:\Users\Opal\AndroidStudioProjects\Dodo_pizza-master\app\src\main\res\mipmap-anydpi-v26\ic_launcher_round.xml" qualifiers="anydpi-v26" type="mipmap"/><file name="ic_launcher" path="C:\Users\Opal\AndroidStudioProjects\Dodo_pizza-master\app\src\main\res\mipmap-hdpi\ic_launcher.webp" qualifiers="hdpi-v4" type="mipmap"/><file name="ic_launcher_round" path="C:\Users\Opal\AndroidStudioProjects\Dodo_pizza-master\app\src\main\res\mipmap-hdpi\ic_launcher_round.webp" qualifiers="hdpi-v4" type="mipmap"/><file name="ic_launcher" path="C:\Users\Opal\AndroidStudioProjects\Dodo_pizza-master\app\src\main\res\mipmap-mdpi\ic_launcher.webp" qualifiers="mdpi-v4" type="mipmap"/><file name="ic_launcher_round" path="C:\Users\Opal\AndroidStudioProjects\Dodo_pizza-master\app\src\main\res\mipmap-mdpi\ic_launcher_round.webp" qualifiers="mdpi-v4" type="mipmap"/><file name="ic_launcher" path="C:\Users\Opal\AndroidStudioProjects\Dodo_pizza-master\app\src\main\res\mipmap-xhdpi\ic_launcher.webp" qualifiers="xhdpi-v4" type="mipmap"/><file name="ic_launcher_round" path="C:\Users\Opal\AndroidStudioProjects\Dodo_pizza-master\app\src\main\res\mipmap-xhdpi\ic_launcher_round.webp" qualifiers="xhdpi-v4" type="mipmap"/><file name="ic_launcher" path="C:\Users\Opal\AndroidStudioProjects\Dodo_pizza-master\app\src\main\res\mipmap-xxhdpi\ic_launcher.webp" qualifiers="xxhdpi-v4" type="mipmap"/><file name="ic_launcher_round" path="C:\Users\Opal\AndroidStudioProjects\Dodo_pizza-master\app\src\main\res\mipmap-xxhdpi\ic_launcher_round.webp" qualifiers="xxhdpi-v4" type="mipmap"/><file name="ic_launcher" path="C:\Users\Opal\AndroidStudioProjects\Dodo_pizza-master\app\src\main\res\mipmap-xxxhdpi\ic_launcher.webp" qualifiers="xxxhdpi-v4" type="mipmap"/><file name="ic_launcher_round" path="C:\Users\Opal\AndroidStudioProjects\Dodo_pizza-master\app\src\main\res\mipmap-xxxhdpi\ic_launcher_round.webp" qualifiers="xxxhdpi-v4" type="mipmap"/><file name="nav_graph" path="C:\Users\Opal\AndroidStudioProjects\Dodo_pizza-master\app\src\main\res\navigation\nav_graph.xml" qualifiers="" type="navigation"/><file path="C:\Users\Opal\AndroidStudioProjects\Dodo_pizza-master\app\src\main\res\values\colors.xml" qualifiers=""><color name="black">#FF000000</color><color name="white">#FFFFFFFF</color><color name="orange">#A83507</color><color name="grey">#636161</color><color name="grish">#251E1E</color></file><file path="C:\Users\Opal\AndroidStudioProjects\Dodo_pizza-master\app\src\main\res\values\strings.xml" qualifiers=""><string name="app_name">Dodo pizza</string><string name="add_to_cart">Add to Cart</string><string name="pizza_pic">Double Chicken</string><string name="Enter_pizza_name">Enter pizza name</string><string name="pizzas">3 Pizzas</string></file><file path="C:\Users\Opal\AndroidStudioProjects\Dodo_pizza-master\app\src\main\res\values\themes.xml" qualifiers=""><style name="Base.Theme.DodoPizza" parent="Theme.Material3.DayNight.NoActionBar">
        
        
    </style><style name="Theme.DodoPizza" parent="Base.Theme.DodoPizza"/></file><file path="C:\Users\Opal\AndroidStudioProjects\Dodo_pizza-master\app\src\main\res\values-night\themes.xml" qualifiers="night-v8"><style name="Base.Theme.DodoPizza" parent="Theme.Material3.DayNight.NoActionBar">
        
        
    </style></file><file name="backup_rules" path="C:\Users\Opal\AndroidStudioProjects\Dodo_pizza-master\app\src\main\res\xml\backup_rules.xml" qualifiers="" type="xml"/><file name="data_extraction_rules" path="C:\Users\Opal\AndroidStudioProjects\Dodo_pizza-master\app\src\main\res\xml\data_extraction_rules.xml" qualifiers="" type="xml"/></source></dataSet><dataSet aapt-namespace="http://schemas.android.com/apk/res-auto" config="debug$Generated" generated="true" ignore_pattern="!.svn:!.git:!.ds_store:!*.scc:.*:&lt;dir>_*:!CVS:!thumbs.db:!picasa.ini:!*~"><source path="C:\Users\Opal\AndroidStudioProjects\Dodo_pizza-master\app\src\debug\res"/></dataSet><dataSet aapt-namespace="http://schemas.android.com/apk/res-auto" config="debug" generated-set="debug$Generated" ignore_pattern="!.svn:!.git:!.ds_store:!*.scc:.*:&lt;dir>_*:!CVS:!thumbs.db:!picasa.ini:!*~"><source path="C:\Users\Opal\AndroidStudioProjects\Dodo_pizza-master\app\src\debug\res"/></dataSet><dataSet aapt-namespace="http://schemas.android.com/apk/res-auto" config="generated$Generated" generated="true" ignore_pattern="!.svn:!.git:!.ds_store:!*.scc:.*:&lt;dir>_*:!CVS:!thumbs.db:!picasa.ini:!*~"><source path="C:\Users\Opal\AndroidStudioProjects\Dodo_pizza-master\app\build\generated\res\resValues\debug"/></dataSet><dataSet aapt-namespace="http://schemas.android.com/apk/res-auto" config="generated" generated-set="generated$Generated" ignore_pattern="!.svn:!.git:!.ds_store:!*.scc:.*:&lt;dir>_*:!CVS:!thumbs.db:!picasa.ini:!*~"><source path="C:\Users\Opal\AndroidStudioProjects\Dodo_pizza-master\app\build\generated\res\resValues\debug"/></dataSet><mergedItems/></merger>