<?xml version="1.0" encoding="utf-8"?>
<resources>
    <color name="black">#FF000000</color>
    <color name="grey">#636161</color>
    <color name="grish">#251E1E</color>
    <color name="orange">#A83507</color>
    <color name="white">#FFFFFFFF</color>
    <string name="Enter_pizza_name">Enter pizza name</string>
    <string name="add_to_cart">Add to Cart</string>
    <string name="app_name">Dodo pizza</string>
    <string name="pizza_pic">Double Chicken</string>
    <string name="pizzas">3 Pizzas</string>
    <style name="Base.Theme.DodoPizza" parent="Theme.Material3.DayNight.NoActionBar">
        
        
    </style>
    <style name="Theme.DodoPizza" parent="Base.Theme.DodoPizza"/>
</resources>